chrom	start	end	ID	melting_score	condensation_score	perc_na_or_missing_ref	perc_na_or_missing_inp
chr1	3200000	3680000	ENSMUSG00000051951	NA	NA	0.77	0.77
chr1	3960000	4440000	ENSMUSG00000025900	-0.00	-0.00	0.03	0.03
chr1	6480000	6880000	ENSMUSG00000033740	-0.00	-0.00	0.00	0.00
chr1	8360000	9320000	ENSMUSG00000025909	-0.00	2.04	0.00	0.00
chr1	10320000	10720000	ENSMUSG00000042501	4.54	-0.00	0.00	0.00
chr1	10960000	11320000	ENSMUSG00000048960	18.74	-0.00	0.00	0.00
chr1	11400000	12000000	ENSMUSG00000057715	7.36	-0.00	0.00	0.00
chr1	15280000	15760000	ENSMUSG00000092083	-0.00	3.05	0.00	0.00
chr1	16200000	16560000	ENSMUSG00000025920	-0.00	31.22	0.00	0.00
chr1	20040000	20640000	ENSMUSG00000043760	-0.00	38.37	0.00	0.00
chr1	21360000	22000000	ENSMUSG00000028033	6.73	-0.00	0.00	0.00
chr1	22280000	22840000	ENSMUSG00000041670	-0.00	-0.00	0.00	0.00
chr1	24240000	24600000	ENSMUSG00000026141	8.65	-0.00	0.00	0.00
chr1	25040000	25840000	ENSMUSG00000033569	-0.00	32.69	0.00	0.00
chr1	32160000	32680000	ENSMUSG00000026058	6.10	-0.00	0.00	0.00
chr1	33880000	34320000	ENSMUSG00000026131	21.97	-0.00	0.00	0.00
chr1	38160000	38680000	ENSMUSG00000037138	-0.00	-0.00	0.00	0.00
chr1	46040000	46400000	ENSMUSG00000041144	-0.00	23.25	0.00	0.00
chr1	46400000	46840000	ENSMUSG00000101337	-0.00	49.79	0.00	0.00
chr1	53360000	53720000	ENSMUSG00000096141	37.67	-0.00	0.00	0.00
chr1	53800000	54200000	ENSMUSG00000042807	8.76	-0.00	0.00	0.00
chr1	55400000	55760000	ENSMUSG00000038349	-0.00	-0.00	0.00	0.00
chr1	61600000	62680000	ENSMUSG00000052062	-0.00	38.52	0.00	0.00
chr1	68000000	69120000	ENSMUSG00000062209	-0.00	26.89	0.00	0.00
chr1	69800000	70760000	ENSMUSG00000053153	-0.00	22.54	0.00	0.00
chr1	84000000	84400000	ENSMUSG00000045658	-0.00	8.76	0.00	0.00
chr1	84360000	84720000	ENSMUSG00000036766	-0.00	-0.00	0.00	0.00
chr1	86680000	87080000	ENSMUSG00000053333	12.92	-0.00	0.00	0.00
chr1	89440000	89920000	ENSMUSG00000055013	-0.00	18.83	0.00	0.00
chr1	97760000	98120000	ENSMUSG00000026335	-0.00	3.25	0.00	0.00
chr1	99760000	100520000	ENSMUSG00000067028	14.45	-0.00	0.00	0.00
chr1	115680000	116600000	ENSMUSG00000070695	-0.00	-0.00	0.00	0.00
chr1	123320000	124880000	ENSMUSG00000036815	-0.00	-0.00	0.00	0.00
chr1	125880000	126840000	ENSMUSG00000049690	13.04	-0.00	0.00	0.00
chr1	129240000	130240000	ENSMUSG00000042581	38.18	-0.00	0.00	0.00
chr1	140240000	140640000	ENSMUSG00000052726	17.15	-0.00	0.00	0.00
chr1	146480000	146920000	ENSMUSG00000035131	27.62	-0.00	0.00	0.00
chr1	150560000	151000000	ENSMUSG00000066842	12.88	-0.00	0.00	0.00
chr1	154360000	154920000	ENSMUSG00000004110	-0.00	16.67	0.00	0.00
chr1	158360000	158720000	ENSMUSG00000026587	8.21	-0.00	0.00	0.00
chr1	159520000	159960000	ENSMUSG00000015829	-0.00	-0.00	0.00	0.00
chr1	160200000	160800000	ENSMUSG00000026721	22.01	-0.00	0.00	0.00
chr1	161960000	162480000	ENSMUSG00000040265	23.51	-0.00	0.00	0.00
chr1	168080000	168440000	ENSMUSG00000052534	-0.00	34.37	0.00	0.00
chr1	174480000	174840000	ENSMUSG00000028354	-0.00	-0.00	0.00	0.00
chr1	175040000	175520000	ENSMUSG00000026527	-0.00	-0.00	0.00	0.00
chr1	178520000	178960000	ENSMUSG00000026494	-0.00	1.39	0.00	0.00
chr1	178920000	179520000	ENSMUSG00000055067	-0.00	-0.00	0.00	0.00
chr1	187600000	188240000	ENSMUSG00000026610	-0.00	8.65	0.00	0.00
chr1	188240000	189000000	ENSMUSG00000026609	2.65	4.00	0.00	0.00
chr1	192160000	192520000	ENSMUSG00000058248	-0.00	15.78	0.00	0.00
chr2	4000000	4640000	ENSMUSG00000026657	0.70	2.13	0.02	0.02
chr2	5280000	5720000	ENSMUSG00000039145	-0.00	0.92	0.00	0.00
chr2	6520000	7520000	ENSMUSG00000002107	47.28	-0.00	0.00	0.00
chr2	14600000	15000000	ENSMUSG00000057914	-0.00	26.45	0.00	0.00
chr2	15520000	16280000	ENSMUSG00000075520	-0.00	43.38	0.00	0.00
chr2	16320000	16760000	ENSMUSG00000026748	-0.00	25.04	0.00	0.00
chr2	17320000	17760000	ENSMUSG00000053702	-0.00	12.41	0.00	0.00
chr2	19880000	20840000	ENSMUSG00000036617	1.04	-0.00	0.00	0.00
chr2	21360000	21840000	ENSMUSG00000045967	-0.00	6.49	0.00	0.00
chr2	22200000	22640000	ENSMUSG00000025716	-0.00	17.53	0.18	0.18
chr2	37760000	38320000	ENSMUSG00000035392	-0.00	1.32	0.00	0.00
chr2	40560000	42680000	ENSMUSG00000049252	185.72	-0.00	0.00	0.00
chr2	43720000	44400000	ENSMUSG00000049744	38.33	-0.00	0.00	0.00
chr2	44560000	44960000	ENSMUSG00000036890	11.94	-0.00	0.00	0.00
chr2	48920000	49360000	ENSMUSG00000036792	26.97	-0.00	0.00	0.00
chr2	54400000	55120000	ENSMUSG00000060988	-0.00	-0.00	0.00	0.00
chr2	58800000	59200000	ENSMUSG00000036641	2.02	-0.00	0.10	0.10
chr2	59880000	60240000	ENSMUSG00000026987	40.24	-0.00	0.00	0.00
chr2	62680000	63200000	ENSMUSG00000059742	-0.00	-0.00	0.00	0.00
chr2	67160000	67560000	ENSMUSG00000027022	-0.00	10.53	0.00	0.00
chr2	67560000	68160000	ENSMUSG00000034780	-0.00	11.27	0.00	0.00
chr2	70000000	70440000	ENSMUSG00000042064	-0.00	13.84	0.00	0.00
chr2	75960000	76360000	ENSMUSG00000075270	-0.00	12.42	0.00	0.00
chr2	77400000	77840000	ENSMUSG00000027016	-0.00	30.32	0.00	0.00
chr2	79800000	80160000	ENSMUSG00000059173	1.74	-0.00	0.00	0.00
chr2	96280000	97640000	ENSMUSG00000050587	-0.00	-0.00	0.00	0.00
chr2	112600000	113240000	ENSMUSG00000057378	-0.00	34.58	0.00	0.00
chr2	113320000	113720000	ENSMUSG00000044042	-0.00	45.02	0.00	0.00
chr2	124080000	124680000	ENSMUSG00000027200	-0.00	3.83	0.00	0.00
chr2	127800000	128160000	ENSMUSG00000027380	12.52	-0.00	0.00	0.00
chr2	134760000	135480000	ENSMUSG00000051177	10.25	-0.00	0.00	0.00
chr2	135640000	136040000	ENSMUSG00000039943	29.94	-0.00	0.00	0.00
chr2	138240000	138600000	ENSMUSG00000062098	40.24	-0.00	0.00	0.00
chr2	140360000	142400000	ENSMUSG00000068205	-0.00	65.53	0.00	0.00
chr2	145160000	145680000	ENSMUSG00000063873	-0.00	12.99	0.00	0.00
chr2	161520000	162680000	ENSMUSG00000053141	-0.00	8.03	0.00	0.00
chr2	169600000	170080000	ENSMUSG00000047907	-0.00	2.25	0.00	0.00
chr2	179440000	179920000	ENSMUSG00000000305	-0.00	-0.00	0.00	0.00
chrX	13480000	13880000	ENSMUSG00000031012	4.21	-0.00	0.00	0.00
chrX	42520000	43440000	ENSMUSG00000016150	-0.00	-0.00	0.00	0.00
chrX	51360000	51720000	ENSMUSG00000062184	7.78	-0.00	0.00	0.00
chrX	52240000	52640000	ENSMUSG00000055653	4.21	-0.00	0.00	0.00
chrX	59040000	59600000	ENSMUSG00000031137	-0.00	2.46	0.00	0.00
chrX	60200000	60600000	ENSMUSG00000062949	-0.00	17.15	0.00	0.00
chrX	69360000	69880000	ENSMUSG00000031189	11.29	-0.00	0.00	0.00
chrX	82920000	85240000	ENSMUSG00000045103	21.05	-0.00	0.00	0.00
chrX	86720000	88120000	ENSMUSG00000052372	53.76	-0.00	0.00	0.02
chrX	92080000	92600000	ENSMUSG00000067649	30.73	-0.00	0.00	0.00
chrX	93280000	93640000	ENSMUSG00000006678	0.44	-0.00	0.00	0.00
chrX	98520000	98920000	ENSMUSG00000031214	-0.00	6.34	0.00	0.00
chrX	99960000	100440000	ENSMUSG00000059327	-0.00	3.33	0.00	0.00
chrX	111880000	112280000	ENSMUSG00000109156	-0.00	14.97	0.00	0.00
chrX	113280000	113840000	ENSMUSG00000025592	-0.00	-0.00	0.00	0.00
chrX	120280000	120920000	ENSMUSG00000034755	-0.00	18.07	0.00	0.29
chrX	129720000	130480000	ENSMUSG00000034480	0.38	-0.00	0.00	0.25
chrX	137560000	138880000	ENSMUSG00000059203	-0.00	15.05	0.00	0.00
chrX	144360000	144720000	ENSMUSG00000041710	-0.00	-0.00	0.00	0.00
chrX	144680000	145160000	ENSMUSG00000071679	5.80	-0.00	0.00	0.00
chrX	155600000	156360000	ENSMUSG00000055109	8.02	-0.00	0.00	0.00
chrX	159600000	160000000	ENSMUSG00000040990	-0.00	3.88	0.00	0.00
chrX	161800000	162160000	ENSMUSG00000059493	-0.00	10.04	0.00	0.00
chrX	167440000	168600000	ENSMUSG00000049176	-0.00	6.40	0.00	0.00
chrX	168760000	169320000	ENSMUSG00000031355	-0.00	62.40	0.00	0.00
chrX	169680000	170040000	ENSMUSG00000035299	NA	NA	0.85	0.86
chr3	13440000	14200000	ENSMUSG00000039717	-0.00	12.26	0.00	0.00
chr3	23760000	25160000	ENSMUSG00000102758	55.88	-0.00	0.00	0.00
chr3	25400000	26360000	ENSMUSG00000063887	20.54	-0.00	0.00	0.00
chr3	26600000	27000000	ENSMUSG00000039335	-0.00	-0.00	0.00	0.00
chr3	28240000	28680000	ENSMUSG00000027692	-0.00	44.71	0.00	0.00
chr3	29080000	29720000	ENSMUSG00000063600	-0.00	-0.00	0.00	0.00
chr3	29920000	30560000	ENSMUSG00000027684	23.93	-0.00	0.00	0.00
chr3	31880000	32240000	ENSMUSG00000037610	40.24	-0.00	0.00	0.00
chr3	49880000	50480000	ENSMUSG00000027737	-0.00	-0.00	0.00	0.00
chr3	51680000	52120000	ENSMUSG00000061143	27.62	-0.00	0.00	0.00
chr3	55600000	56200000	ENSMUSG00000027799	35.15	-0.00	0.00	0.00
chr3	64920000	65400000	ENSMUSG00000027827	51.15	-0.00	0.00	0.00
chr3	66960000	67360000	ENSMUSG00000034544	-0.00	1.29	0.00	0.00
chr3	67880000	68640000	ENSMUSG00000102422	39.14	-0.00	0.00	0.00
chr3	68040000	68640000	ENSMUSG00000027777	39.03	-0.00	0.00	0.00
chr3	76040000	76720000	ENSMUSG00000034098	-0.00	6.76	0.00	0.00
chr3	84480000	85920000	ENSMUSG00000102805	-0.00	30.83	0.00	0.00
chr3	86200000	86800000	ENSMUSG00000028080	-0.00	3.56	0.00	0.00
chr3	98360000	98760000	ENSMUSG00000050064	-0.00	34.32	0.10	0.00
chr3	109320000	109720000	ENSMUSG00000033721	42.45	-0.00	0.00	0.00
chr3	109760000	110160000	ENSMUSG00000059857	34.39	-0.00	0.00	0.00
chr3	118560000	119440000	ENSMUSG00000033308	2.29	-0.00	0.00	0.00
chr3	125400000	125760000	ENSMUSG00000027971	-0.00	36.01	0.00	0.00
chr3	126920000	127520000	ENSMUSG00000032826	4.09	-0.00	0.00	0.00
chr3	130120000	130600000	ENSMUSG00000058897	42.28	-0.00	0.00	0.00
chr3	139200000	139720000	ENSMUSG00000047940	-0.00	-0.00	0.00	0.00
chr3	141440000	141840000	ENSMUSG00000059921	12.42	-0.00	0.00	0.00
chr3	141800000	142200000	ENSMUSG00000052430	10.99	-0.00	0.00	0.00
chr3	153160000	153760000	ENSMUSG00000052544	9.06	-0.00	0.00	0.00
chr3	156560000	157320000	ENSMUSG00000040037	-0.00	49.12	0.00	0.00
chr3	158080000	158600000	ENSMUSG00000028176	22.95	-0.00	0.00	0.00
chr4	5640000	6120000	ENSMUSG00000049119	7.93	-0.00	0.00	0.00
chr4	20080000	20800000	ENSMUSG00000055761	-0.00	8.30	0.00	0.00
chr4	32200000	32600000	ENSMUSG00000040270	-0.00	0.57	0.00	0.00
chr4	35680000	36960000	ENSMUSG00000045083	93.28	-0.00	0.00	0.00
chr4	46640000	47000000	ENSMUSG00000039809	12.00	-0.00	0.00	0.00
chr4	57560000	57920000	ENSMUSG00000089945	19.99	-0.00	0.00	0.00
chr4	65360000	66440000	ENSMUSG00000028373	52.28	-0.00	0.00	0.00
chr4	75920000	78240000	ENSMUSG00000028399	71.37	-0.00	0.00	0.00
chr4	82280000	82720000	ENSMUSG00000008575	-0.00	8.91	0.00	0.00
chr4	83520000	83880000	ENSMUSG00000052407	-0.00	36.01	0.00	0.00
chr4	84240000	84680000	ENSMUSG00000028487	-0.00	33.14	0.00	0.00
chr4	85200000	85640000	ENSMUSG00000028488	-0.00	21.97	0.00	0.00
chr4	85480000	86440000	ENSMUSG00000066113	-0.00	13.70	0.00	0.00
chr4	88080000	88440000	ENSMUSG00000038368	-0.00	28.20	0.00	0.00
chr4	95520000	95960000	ENSMUSG00000028573	-0.00	4.84	0.00	0.00
chr4	97760000	98120000	ENSMUSG00000028565	-0.00	40.24	0.00	0.00
chr4	98360000	98720000	ENSMUSG00000061859	-0.00	23.25	0.00	0.00
chr4	100080000	100480000	ENSMUSG00000035305	2.36	-0.00	0.00	0.00
chr4	102080000	102640000	ENSMUSG00000028525	-0.00	2.46	0.00	0.00
chr4	103600000	104760000	ENSMUSG00000028519	1.36	-0.00	0.00	0.00
chr4	109640000	110000000	ENSMUSG00000010517	-0.00	-0.00	0.00	0.00
chr4	110360000	111680000	ENSMUSG00000061298	-0.00	4.71	0.00	0.00
chr4	112800000	113320000	ENSMUSG00000087194	-0.00	-0.00	0.00	0.00
chr4	113440000	114000000	ENSMUSG00000078598	26.01	-0.00	0.00	0.00
chr4	119720000	120160000	ENSMUSG00000028634	1.39	-0.00	0.00	0.00
chr4	123320000	123720000	ENSMUSG00000028649	-0.00	9.63	0.00	0.00
chr4	127960000	128600000	ENSMUSG00000028804	1.00	-0.00	0.00	0.00
chr4	142560000	143080000	ENSMUSG00000110067	-0.00	10.08	0.00	0.00
chr4	150280000	150640000	ENSMUSG00000039852	4.62	-0.00	0.00	0.00
chr4	150880000	151880000	ENSMUSG00000014592	23.53	-0.00	0.00	0.00
chr4	154280000	154640000	ENSMUSG00000039410	-0.00	-0.00	0.00	0.00
chr5	4800000	5440000	ENSMUSG00000028926	40.24	-0.00	0.00	0.00
chr5	6760000	7360000	ENSMUSG00000092094	-0.00	15.82	0.00	0.00
chr5	8040000	8400000	ENSMUSG00000040537	-0.00	30.45	0.00	0.00
chr5	13120000	13640000	ENSMUSG00000028883	-0.00	13.43	0.00	0.00
chr5	14480000	14880000	ENSMUSG00000061601	-0.00	1.77	0.05	0.13
chr5	15920000	16400000	ENSMUSG00000040118	-0.00	9.89	0.00	0.00
chr5	19200000	20720000	ENSMUSG00000040003	-0.00	74.11	0.00	0.00
chr5	21880000	22360000	ENSMUSG00000042453	39.26	-0.00	0.00	0.00
chr5	22720000	23280000	ENSMUSG00000106379	26.01	-0.00	0.00	0.00
chr5	26800000	27760000	ENSMUSG00000061576	-0.00	36.77	0.00	0.00
chr5	31680000	32120000	ENSMUSG00000052139	1.39	-0.00	0.00	0.00
chr5	36000000	36400000	ENSMUSG00000029093	-0.00	3.25	0.00	0.00
chr5	44440000	44800000	ENSMUSG00000039706	10.51	-0.00	0.00	0.00
chr5	47960000	48320000	ENSMUSG00000031558	1.19	-0.00	0.00	0.00
chr5	48360000	49560000	ENSMUSG00000029088	-0.00	-0.00	0.00	0.00
chr5	57680000	58160000	ENSMUSG00000029108	-0.00	25.70	0.00	0.00
chr5	66280000	66640000	ENSMUSG00000029207	-0.00	8.65	0.00	0.00
chr5	66720000	67080000	ENSMUSG00000037736	-0.00	-0.00	0.00	0.00
chr5	71640000	72160000	ENSMUSG00000029212	-0.00	50.97	0.00	0.00
chr5	74200000	74560000	ENSMUSG00000062110	22.58	-0.00	0.00	0.00
chr5	81000000	81840000	ENSMUSG00000037605	-0.00	2.93	0.00	0.00
chr5	84040000	84440000	ENSMUSG00000029245	-0.00	13.93	0.00	0.00
chr5	88880000	89240000	ENSMUSG00000060961	-0.00	0.44	0.00	0.00
chr5	96360000	96800000	ENSMUSG00000034687	-0.00	5.17	0.00	0.00
chr5	98320000	98840000	ENSMUSG00000057816	-0.00	24.08	0.00	0.00
chr5	99200000	99760000	ENSMUSG00000089809	-0.00	7.40	0.00	0.00
chr5	102480000	102920000	ENSMUSG00000057315	-0.00	26.32	0.00	0.00
chr5	102880000	103240000	ENSMUSG00000046709	-0.00	25.32	0.00	0.00
chr5	110840000	111320000	ENSMUSG00000033209	-0.00	-0.00	0.00	0.00
chr5	117400000	117800000	ENSMUSG00000061578	-0.00	16.59	0.00	0.00
chr5	127240000	127600000	ENSMUSG00000034324	7.78	-0.00	0.00	0.00
chr5	127760000	128440000	ENSMUSG00000034310	21.41	-0.00	0.00	0.00
chr5	130360000	130880000	ENSMUSG00000060371	3.67	0.35	0.00	0.00
chr5	130840000	131320000	ENSMUSG00000034040	-0.00	2.78	0.00	0.00
chr5	131400000	132560000	ENSMUSG00000029673	-0.00	17.51	0.00	0.00
chr5	136240000	136600000	ENSMUSG00000029705	-0.00	-0.00	0.00	0.00
chr5	140000000	140360000	ENSMUSG00000029554	1.46	-0.00	0.00	0.00
chr5	141240000	142240000	ENSMUSG00000039683	-0.00	48.41	0.00	0.00
chr5	147920000	148320000	ENSMUSG00000029651	5.97	-0.00	0.00	0.00
chr5	150080000	150520000	ENSMUSG00000056602	-0.00	5.86	0.00	0.00
chr5	151040000	151440000	ENSMUSG00000107011	NA	NA	0.68	0.68
chr6	8240000	8600000	ENSMUSG00000107705	-0.00	18.13	0.00	0.00
chr6	8920000	9280000	ENSMUSG00000046178	-0.00	33.57	0.00	0.00
chr6	12280000	12760000	ENSMUSG00000032625	-0.00	0.41	0.00	0.00
chr6	14880000	15480000	ENSMUSG00000029563	-0.00	51.07	0.00	0.00
chr6	21200000	21760000	ENSMUSG00000060882	35.85	-0.00	0.00	0.00
chr6	23240000	23840000	ENSMUSG00000017978	19.04	-0.00	0.00	0.00
chr6	27240000	28160000	ENSMUSG00000024211	64.54	-0.00	0.00	0.00
chr6	28440000	28960000	ENSMUSG00000001424	3.39	-0.00	0.00	0.00
chr6	32120000	32600000	ENSMUSG00000029765	-0.00	22.15	0.00	0.00
chr6	33240000	34000000	ENSMUSG00000029763	0.91	-0.00	0.00	0.00
chr6	36840000	37320000	ENSMUSG00000038665	-0.00	18.30	0.00	0.00
chr6	39840000	40280000	ENSMUSG00000057716	-0.00	17.43	0.00	0.00
chr6	43320000	43680000	ENSMUSG00000029735	-0.00	36.01	0.00	0.00
chr6	45040000	47320000	ENSMUSG00000039419	-0.00	13.46	0.00	0.00
chr6	53280000	53720000	ENSMUSG00000053007	33.14	-0.00	0.00	0.00
chr6	56040000	56680000	ENSMUSG00000004347	-0.00	0.44	0.00	0.00
chr6	61160000	62400000	ENSMUSG00000039578	-0.00	34.92	0.00	0.00
chr6	63240000	64720000	ENSMUSG00000071424	-0.00	6.28	0.00	0.00
chr6	76880000	78000000	ENSMUSG00000063063	4.97	-0.00	0.00	0.00
chr6	80000000	80840000	ENSMUSG00000052581	-0.00	-0.00	0.00	0.00
chr6	84600000	85080000	ENSMUSG00000033769	3.33	-0.00	0.00	0.00
chr6	90640000	91000000	ENSMUSG00000034312	7.78	-0.00	0.00	0.00
chr6	92360000	92720000	ENSMUSG00000030020	-0.00	0.68	0.00	0.00
chr6	93640000	94320000	ENSMUSG00000045095	21.41	-0.00	0.00	0.00
chr6	96080000	96680000	ENSMUSG00000059187	-0.00	35.15	0.00	0.00
chr6	97280000	97640000	ENSMUSG00000030064	2.02	-0.00	0.00	0.00
chr6	98920000	99560000	ENSMUSG00000030067	-0.00	19.05	0.00	0.00
chr6	99240000	99680000	ENSMUSG00000030068	-0.00	2.70	0.00	0.00
chr6	102160000	102600000	ENSMUSG00000030075	-0.00	23.18	0.00	0.00
chr6	104480000	104880000	ENSMUSG00000030092	0.12	-0.00	0.00	0.00
chr6	105640000	106720000	ENSMUSG00000064293	2.34	-0.00	0.00	0.00
chr6	108200000	108560000	ENSMUSG00000030102	-0.00	-0.00	0.00	0.00
chr6	110640000	111600000	ENSMUSG00000056755	17.88	-0.00	0.00	0.00
chr6	113720000	114080000	ENSMUSG00000030302	-0.00	0.44	0.00	0.00
chr6	118560000	119200000	ENSMUSG00000051331	7.67	-0.00	0.00	0.00
chr6	125680000	126080000	ENSMUSG00000038115	29.22	-0.00	0.00	0.00
chr6	135680000	136200000	ENSMUSG00000030209	-0.00	-0.00	0.00	0.00
chr6	139560000	140000000	ENSMUSG00000030228	-0.00	17.43	0.00	0.00
chr6	143800000	144800000	ENSMUSG00000041540	-0.00	-0.00	0.00	0.00
chr6	146080000	146520000	ENSMUSG00000030287	-0.00	-0.00	0.00	0.00
chr7	37280000	37800000	ENSMUSG00000043456	0.35	-0.00	0.00	0.00
chr7	48880000	49640000	ENSMUSG00000052512	20.59	-0.00	0.00	0.00
chr7	49960000	50880000	ENSMUSG00000055409	18.78	-0.00	0.00	0.00
chr7	54800000	55280000	ENSMUSG00000063297	23.89	-0.00	0.00	0.00
chr7	56200000	56560000	ENSMUSG00000030450	-0.00	-0.00	0.00	0.00
chr7	56680000	57400000	ENSMUSG00000055026	8.62	-0.00	0.00	0.00
chr7	57400000	57840000	ENSMUSG00000033676	19.08	-0.00	0.00	0.00
chr7	64720000	65160000	ENSMUSG00000030518	-0.00	0.26	0.00	0.00
chr7	66800000	67160000	ENSMUSG00000058145	-0.00	39.38	0.00	0.00
chr7	76200000	77160000	ENSMUSG00000025754	-0.00	-0.00	0.00	0.00
chr7	78160000	78760000	ENSMUSG00000059146	-0.00	29.67	0.00	0.00
chr7	87560000	88160000	ENSMUSG00000049583	-0.00	-0.00	0.00	0.00
chr7	90440000	92480000	ENSMUSG00000052572	-0.00	36.44	0.00	0.00
chr7	96160000	96920000	ENSMUSG00000048078	-0.00	15.61	0.00	0.00
chr7	110280000	110640000	ENSMUSG00000038371	-0.00	8.21	0.00	0.00
chr7	111440000	111800000	ENSMUSG00000038296	10.04	-0.00	0.00	0.00
chr7	115440000	116040000	ENSMUSG00000051910	30.26	-0.00	0.00	0.00
chr7	122280000	122640000	ENSMUSG00000052889	-0.00	2.32	0.00	0.00
chr7	123960000	124400000	ENSMUSG00000078591	27.62	-0.00	0.00	0.00
chr7	130160000	133160000	ENSMUSG00000030849	-0.00	132.56	0.00	0.00
chr7	133880000	134240000	ENSMUSG00000054555	-0.00	12.00	0.00	0.00
chr7	134640000	135200000	ENSMUSG00000058325	-0.00	17.14	0.00	0.00
chr7	143080000	143440000	ENSMUSG00000009545	-0.00	12.52	0.00	0.00
chr7	144000000	144440000	ENSMUSG00000037541	-0.00	41.29	0.05	0.05
chr10	4600000	5040000	ENSMUSG00000019768	-0.00	1.90	0.00	0.00
chr10	5000000	5560000	ENSMUSG00000096054	-0.00	36.51	0.00	0.00
chr10	10680000	11120000	ENSMUSG00000019828	-0.00	-0.00	0.00	0.00
chr10	12360000	12880000	ENSMUSG00000019820	12.99	-0.00	0.00	0.00
chr10	20360000	20760000	ENSMUSG00000019990	-0.00	28.52	0.00	0.00
chr10	26960000	27640000	ENSMUSG00000019899	27.96	-0.00	0.00	0.00
chr10	28040000	28600000	ENSMUSG00000019889	-0.00	31.99	0.00	0.00
chr10	31680000	32920000	ENSMUSG00000069670	-0.00	89.40	0.00	0.00
chr10	33080000	33480000	ENSMUSG00000019787	-0.00	33.63	0.00	0.00
chr10	36480000	36840000	ENSMUSG00000044499	3.92	-0.00	0.00	0.00
chr10	49080000	49800000	ENSMUSG00000056073	-0.00	0.25	0.00	0.00
chr10	52680000	53120000	ENSMUSG00000038602	15.85	-0.00	0.00	0.00
chr10	58800000	59160000	ENSMUSG00000037990	3.92	-0.00	0.00	0.00
chr10	60280000	60720000	ENSMUSG00000012819	25.04	-0.00	0.00	0.00
chr10	63400000	65040000	ENSMUSG00000060843	-0.00	-0.00	0.00	0.00
chr10	69360000	70040000	ENSMUSG00000069601	49.50	-0.00	0.00	0.00
chr10	73080000	74680000	ENSMUSG00000052613	-0.00	4.04	0.00	0.00
chr10	86040000	86520000	ENSMUSG00000059602	0.41	-0.00	0.00	0.00
chr10	88920000	89360000	ENSMUSG00000035189	10.17	-0.00	0.00	0.00
chr10	89840000	91000000	ENSMUSG00000058589	32.97	-0.00	0.00	0.00
chr10	92760000	93120000	ENSMUSG00000020014	-0.00	21.27	0.00	0.00
chr10	101680000	102400000	ENSMUSG00000019888	6.23	-0.00	0.00	0.00
chr10	105160000	105600000	ENSMUSG00000036019	-0.00	-0.00	0.00	0.00
chr10	106440000	106960000	ENSMUSG00000053825	-0.00	18.17	0.00	0.00
chr10	108480000	109040000	ENSMUSG00000035864	-0.00	-0.00	0.00	0.00
chr10	109680000	110480000	ENSMUSG00000020181	7.48	1.61	0.00	0.00
chr10	114360000	114840000	ENSMUSG00000050663	17.78	-0.00	0.00	0.00
chr10	119440000	120120000	ENSMUSG00000034813	48.12	-0.00	0.00	0.00
chr10	123240000	123760000	ENSMUSG00000044071	-0.00	-0.00	0.00	0.00
chr8	9200000	9800000	ENSMUSG00000079157	-0.00	1.46	0.00	0.00
chr8	10120000	10640000	ENSMUSG00000039057	12.13	-0.00	0.00	0.00
chr8	14080000	14880000	ENSMUSG00000047495	-0.00	-0.00	0.00	0.00
chr8	15880000	17560000	ENSMUSG00000060924	13.62	-0.00	0.00	0.00
chr8	23600000	24160000	ENSMUSG00000037492	-0.00	0.90	0.00	0.00
chr8	28640000	29240000	ENSMUSG00000063626	17.63	-0.00	0.00	0.00
chr8	31800000	32920000	ENSMUSG00000062991	-0.00	0.77	0.00	0.00
chr8	36560000	36960000	ENSMUSG00000031523	2.08	2.36	0.00	0.00
chr8	37520000	38680000	ENSMUSG00000039539	73.71	-0.00	0.00	0.00
chr8	45480000	45840000	ENSMUSG00000031626	2.62	-0.00	0.00	0.00
chr8	48200000	48880000	ENSMUSG00000031561	-0.00	0.78	0.00	0.00
chr8	57760000	58920000	ENSMUSG00000096914	64.95	-0.00	0.00	0.00
chr8	61480000	61920000	ENSMUSG00000058056	-0.00	7.33	0.00	0.00
chr8	62920000	63360000	ENSMUSG00000054162	-0.00	12.88	0.00	0.00
chr8	65600000	66480000	ENSMUSG00000036469	-0.00	7.07	0.00	0.00
chr8	67680000	68240000	ENSMUSG00000030465	6.41	-0.00	0.00	0.00
chr8	68320000	68760000	ENSMUSG00000036356	-0.00	-0.00	0.00	0.00
chr8	72800000	73360000	ENSMUSG00000004383	20.60	-0.00	0.00	0.00
chr8	75440000	76000000	ENSMUSG00000031620	-0.00	55.72	0.00	0.00
chr8	76880000	77280000	ENSMUSG00000031618	4.54	-0.00	0.00	0.00
chr8	81320000	82160000	ENSMUSG00000037940	-0.00	15.67	0.00	0.00
chr8	84320000	84680000	ENSMUSG00000034656	-0.00	-0.00	0.00	0.00
chr8	91280000	91680000	ENSMUSG00000055932	-0.00	44.15	0.00	0.00
chr8	99000000	99440000	ENSMUSG00000036510	-0.00	-0.00	0.00	0.00
chr8	107920000	109000000	ENSMUSG00000038872	-0.00	38.52	0.00	0.00
chr8	110240000	110640000	ENSMUSG00000059854	-0.00	-0.00	0.00	0.00
chr8	112560000	112920000	ENSMUSG00000031772	13.57	-0.00	0.00	0.00
chr8	114400000	115360000	ENSMUSG00000004637	3.57	-0.00	0.00	0.00
chr8	118280000	119360000	ENSMUSG00000031841	-0.00	13.99	0.00	0.00
chr8	119880000	124360000	ENSMUSG00000092329	0.98	6.73	0.00	0.00
chr8	120200000	120600000	ENSMUSG00000031822	20.05	-0.00	0.00	0.00
chr8	127040000	127640000	ENSMUSG00000025812	-0.00	-0.00	0.00	0.00
chr8	128720000	129080000	ENSMUSG00000025808	NA	NA	0.80	0.80
chr14	9520000	11200000	ENSMUSG00000060579	5.03	-0.00	0.00	0.00
chr14	11520000	12280000	ENSMUSG00000021745	7.43	2.03	0.00	0.00
chr14	12360000	12840000	ENSMUSG00000054423	12.46	-0.00	0.00	0.00
chr14	13280000	13640000	ENSMUSG00000056296	-0.00	5.36	0.00	0.00
chr14	16400000	16840000	ENSMUSG00000017491	23.18	-0.00	0.00	0.00
chr14	17640000	18040000	ENSMUSG00000021779	7.51	-0.00	0.00	0.00
chr14	18560000	18920000	ENSMUSG00000058317	-0.00	-0.00	0.00	0.00
chr14	21040000	21480000	ENSMUSG00000039197	-0.00	-0.00	0.00	0.00
chr14	22000000	23080000	ENSMUSG00000063458	-0.00	-0.00	0.00	0.00
chr14	23280000	24040000	ENSMUSG00000063142	26.18	-0.00	0.00	0.00
chr14	27080000	27440000	ENSMUSG00000021895	-0.00	19.36	0.00	0.00
chr14	27600000	28480000	ENSMUSG00000040640	-0.00	49.72	0.00	0.00
chr14	28880000	29760000	ENSMUSG00000021991	14.48	-0.00	0.00	0.00
chr14	30000000	30520000	ENSMUSG00000015968	-0.00	10.47	0.00	0.00
chr14	34800000	35600000	ENSMUSG00000041078	0.56	-0.00	0.00	0.00
chr14	38360000	39480000	ENSMUSG00000041014	11.35	-0.00	0.00	0.00
chr14	59600000	60200000	ENSMUSG00000021983	24.63	-0.00	0.00	0.00
chr14	64120000	64480000	ENSMUSG00000054733	8.21	-0.00	0.00	0.00
chr14	77120000	77760000	ENSMUSG00000022012	-0.00	-0.00	0.00	0.00
chr14	78840000	79240000	ENSMUSG00000058997	30.66	-0.00	0.00	0.00
chr14	86640000	87160000	ENSMUSG00000022021	-0.00	14.79	0.00	0.00
chr14	93000000	93920000	ENSMUSG00000055421	-0.00	8.51	0.00	0.00
chr14	96080000	96520000	ENSMUSG00000022076	-0.00	13.36	0.00	0.00
chr14	97760000	98200000	ENSMUSG00000055639	-0.00	19.08	0.00	0.00
chr14	99840000	100320000	ENSMUSG00000072294	22.72	-0.00	0.00	0.00
chr14	115080000	116560000	ENSMUSG00000022112	-0.00	4.95	0.00	0.00
chr14	116920000	118000000	ENSMUSG00000058571	10.44	-0.00	0.00	0.00
chr14	119120000	119880000	ENSMUSG00000053465	-0.00	5.23	0.00	0.00
chr14	122520000	122920000	ENSMUSG00000041650	21.89	-0.00	0.00	0.00
chr14	123240000	123640000	ENSMUSG00000000197	10.07	-0.00	0.00	0.00
chr14	123640000	124000000	ENSMUSG00000032925	14.04	-0.00	0.12	0.12
chr14	123960000	124680000	ENSMUSG00000025551	NA	NA	0.68	0.68
chr9	3520000	3920000	ENSMUSG00000041624	-0.00	22.44	0.45	0.45
chr9	4400000	4800000	ENSMUSG00000025892	-0.00	5.97	0.00	0.00
chr9	9640000	10920000	ENSMUSG00000039488	-0.00	19.07	0.00	0.00
chr9	13280000	13720000	ENSMUSG00000031925	-0.00	-0.00	0.09	0.09
chr9	15880000	16520000	ENSMUSG00000074505	-0.00	-0.00	0.00	0.00
chr9	22440000	22920000	ENSMUSG00000035919	-0.00	-0.00	0.00	0.00
chr9	27760000	28960000	ENSMUSG00000062257	-0.00	0.40	0.00	0.00
chr9	28960000	30000000	ENSMUSG00000059974	82.54	-0.00	0.00	0.00
chr9	34480000	35040000	ENSMUSG00000032036	7.40	-0.00	0.00	0.00
chr9	42480000	42960000	ENSMUSG00000032017	-0.00	7.93	0.00	0.00
chr9	45400000	45760000	ENSMUSG00000032087	5.74	-0.00	0.00	0.00
chr9	47520000	47880000	ENSMUSG00000032076	-0.00	5.36	0.00	0.00
chr9	55520000	55960000	ENSMUSG00000034007	40.67	-0.00	0.00	0.00
chr9	59960000	60560000	ENSMUSG00000032289	0.66	-0.00	0.00	0.00
chr9	64360000	64720000	ENSMUSG00000036466	7.35	-0.00	0.00	0.00
chr9	67200000	67560000	ENSMUSG00000052698	3.58	-0.00	0.00	0.00
chr9	68640000	69400000	ENSMUSG00000032238	-0.00	58.01	0.00	0.00
chr9	73440000	74000000	ENSMUSG00000062151	-0.00	3.74	0.00	0.00
chr9	81840000	82240000	ENSMUSG00000043289	12.92	-0.00	0.00	0.00
chr9	94640000	95240000	ENSMUSG00000031129	9.42	-0.00	0.00	0.00
chr9	97440000	98040000	ENSMUSG00000032452	-0.00	39.03	0.00	0.00
chr9	100560000	100960000	ENSMUSG00000037286	19.45	-0.00	0.00	0.00
chr9	101920000	102360000	ENSMUSG00000032537	2.16	-0.00	0.00	0.00
chr9	104520000	105040000	ENSMUSG00000032564	14.79	-0.00	0.00	0.00
chr9	106880000	107240000	ENSMUSG00000039716	2.32	-0.00	0.00	0.00
chr9	116560000	117880000	ENSMUSG00000039607	-0.00	53.58	0.00	0.00
chr9	120920000	121280000	ENSMUSG00000040936	-0.00	11.50	0.00	0.00
chr11	9160000	9720000	ENSMUSG00000004668	-0.00	-0.00	0.00	0.00
chr11	21560000	21920000	ENSMUSG00000020319	-0.00	-0.00	0.00	0.00
chr11	22000000	22360000	ENSMUSG00000042302	3.58	-0.00	0.00	0.00
chr11	25600000	26240000	ENSMUSG00000032985	-0.00	-0.00	0.00	0.00
chr11	33600000	34000000	ENSMUSG00000053519	43.30	-0.00	0.00	0.00
chr11	34200000	34800000	ENSMUSG00000020143	25.70	-0.00	0.20	0.20
chr11	35120000	35720000	ENSMUSG00000056427	-0.00	7.04	0.00	0.00
chr11	36000000	37240000	ENSMUSG00000049336	-0.00	30.26	0.00	0.00
chr11	44600000	45040000	ENSMUSG00000057098	-0.00	22.57	0.00	0.00
chr11	46880000	48000000	ENSMUSG00000020354	-0.00	-0.00	0.00	0.00
chr11	52760000	53200000	ENSMUSG00000036264	-0.00	-0.00	0.00	0.00
chr11	57000000	57360000	ENSMUSG00000020524	-0.00	8.21	0.00	0.00
chr11	65800000	66200000	ENSMUSG00000056752	10.99	-0.00	0.00	0.00
chr11	66200000	66560000	ENSMUSG00000053930	-0.00	-0.00	0.00	0.00
chr11	80880000	82000000	ENSMUSG00000020704	11.63	-0.00	0.00	0.00
chr11	85320000	85840000	ENSMUSG00000059439	17.17	-0.00	0.00	0.00
chr11	88320000	88720000	ENSMUSG00000069769	-0.00	30.66	0.00	0.00
chr11	89360000	89880000	ENSMUSG00000047773	-0.00	0.76	0.00	0.00
chr11	93080000	93640000	ENSMUSG00000056158	26.01	-0.00	0.00	0.00
chr11	104680000	105120000	ENSMUSG00000040838	-0.00	13.84	0.00	0.00
chr11	105560000	105960000	ENSMUSG00000053580	-0.00	2.36	0.00	0.00
chr11	107920000	108360000	ENSMUSG00000050965	2.16	-0.00	0.00	0.00
chr11	108400000	108880000	ENSMUSG00000020728	30.15	-0.00	0.00	0.00
chr11	113240000	113680000	ENSMUSG00000041654	5.51	-0.00	0.00	0.00
chr11	118480000	118920000	ENSMUSG00000025576	-0.00	17.98	0.00	0.00
chr13	8200000	8800000	ENSMUSG00000052551	-0.00	-0.00	0.00	0.00
chr13	9240000	9680000	ENSMUSG00000048264	14.33	-0.00	0.00	0.00
chr13	9840000	10400000	ENSMUSG00000046159	11.06	-0.00	0.00	0.00
chr13	11520000	12120000	ENSMUSG00000021313	25.71	-0.00	0.00	0.00
chr13	14200000	14560000	ENSMUSG00000021301	-0.00	6.94	0.00	0.00
chr13	16840000	17720000	ENSMUSG00000055137	40.92	-0.00	0.00	0.00
chr13	20080000	20640000	ENSMUSG00000041112	-0.00	42.02	0.00	0.00
chr13	29160000	29880000	ENSMUSG00000006191	6.80	-0.00	0.00	0.00
chr13	31800000	32360000	ENSMUSG00000038372	0.70	-0.00	0.00	0.00
chr13	36080000	36760000	ENSMUSG00000021420	54.49	-0.00	0.00	0.00
chr13	40000000	40400000	ENSMUSG00000047094	-0.00	21.27	0.00	0.00
chr13	42680000	43160000	ENSMUSG00000054728	15.26	-0.00	0.00	0.00
chr13	45520000	46000000	ENSMUSG00000046876	-0.00	20.46	0.00	0.00
chr13	57400000	57920000	ENSMUSG00000056222	-0.00	11.29	0.00	0.00
chr13	58800000	59160000	ENSMUSG00000055254	-0.00	-0.00	0.00	0.00
chr13	62960000	63360000	ENSMUSG00000021458	22.51	-0.00	0.00	0.00
chr13	68600000	69000000	ENSMUSG00000021536	5.97	-0.00	0.00	0.00
chr13	76360000	77040000	ENSMUSG00000021596	-0.00	13.63	0.00	0.00
chr13	77120000	77640000	ENSMUSG00000071252	-0.00	-0.00	0.00	0.00
chr13	77680000	78200000	ENSMUSG00000064138	34.66	-0.00	0.00	0.00
chr13	81080000	81640000	ENSMUSG00000069170	-0.00	7.74	0.00	0.00
chr13	88800000	89360000	ENSMUSG00000034488	22.16	-0.00	0.00	0.00
chr13	89760000	90120000	ENSMUSG00000021615	14.11	-0.00	0.00	0.00
chr13	97880000	98240000	ENSMUSG00000021662	-0.00	36.01	0.00	0.00
chr13	102720000	103360000	ENSMUSG00000034751	-0.00	57.30	0.00	0.00
chr13	108440000	109960000	ENSMUSG00000021699	0.62	1.50	0.00	0.00
chr13	113760000	114160000	ENSMUSG00000042348	11.94	-0.00	0.00	0.00
chr13	117600000	118000000	ENSMUSG00000021730	-0.00	31.39	0.00	0.00
chr12	5040000	5400000	ENSMUSG00000020627	-0.00	-0.00	0.00	0.00
chr12	13240000	13600000	ENSMUSG00000020576	31.22	-0.00	0.00	0.00
chr12	29520000	29960000	ENSMUSG00000061911	-0.00	-0.00	0.00	0.00
chr12	34040000	34920000	ENSMUSG00000004698	2.29	-0.00	0.00	0.00
chr12	36360000	36720000	ENSMUSG00000043153	-0.00	2.02	0.00	0.00
chr12	37240000	37600000	ENSMUSG00000050103	-0.00	7.35	0.00	0.00
chr12	37800000	38640000	ENSMUSG00000036095	-0.00	17.58	0.00	0.00
chr12	40440000	40880000	ENSMUSG00000035954	21.38	-0.00	0.00	0.00
chr12	41000000	41960000	ENSMUSG00000056899	28.57	-0.00	0.00	0.00
chr12	50320000	50680000	ENSMUSG00000002688	-0.00	13.57	0.00	0.00
chr12	52680000	53160000	ENSMUSG00000061603	17.26	-0.00	0.00	0.00
chr12	53240000	54080000	ENSMUSG00000021010	-0.00	-0.00	0.00	0.00
chr12	56680000	57200000	ENSMUSG00000035472	-0.00	5.46	0.00	0.00
chr12	61520000	61880000	ENSMUSG00000035653	-0.00	2.02	0.00	0.00
chr12	66440000	67240000	ENSMUSG00000034912	10.84	-0.00	0.00	0.00
chr12	78200000	78720000	ENSMUSG00000047454	-0.00	55.92	0.00	0.00
chr12	79280000	79840000	ENSMUSG00000059060	0.32	-0.00	0.00	0.00
chr12	82560000	83200000	ENSMUSG00000021219	15.07	-0.00	0.00	0.00
chr12	88720000	90360000	ENSMUSG00000066392	6.87	3.10	0.00	0.00
chr12	90960000	91400000	ENSMUSG00000061533	-0.00	16.90	0.00	0.00
chr12	99160000	99600000	ENSMUSG00000033713	2.70	-0.00	0.00	0.00
chr12	116480000	117280000	ENSMUSG00000056553	30.10	-0.00	0.00	0.00
chr12	117840000	118200000	ENSMUSG00000018581	13.57	-0.00	0.00	0.00
chr15	12320000	12760000	ENSMUSG00000022197	-0.00	33.86	0.00	0.00
chr15	20440000	21600000	ENSMUSG00000040452	-0.00	22.80	0.00	0.00
chr15	22520000	23480000	ENSMUSG00000040420	-0.00	23.36	0.00	0.00
chr15	26520000	26920000	ENSMUSG00000043556	-0.00	12.42	0.00	0.00
chr15	30160000	31040000	ENSMUSG00000022240	18.57	-0.00	0.00	0.00
chr15	32240000	32720000	ENSMUSG00000022231	-0.00	28.84	0.00	0.00
chr15	33080000	33600000	ENSMUSG00000039007	-0.00	-0.00	0.00	0.00
chr15	34840000	35200000	ENSMUSG00000022329	-0.00	9.11	0.00	0.00
chr15	35360000	35960000	ENSMUSG00000037646	-0.00	39.70	0.00	0.00
chr15	37360000	37800000	ENSMUSG00000051359	4.19	-0.00	0.00	0.00
chr15	39160000	39720000	ENSMUSG00000037386	6.73	-0.00	0.00	0.00
chr15	40640000	41120000	ENSMUSG00000022306	23.89	-0.00	0.00	0.00
chr15	41440000	41880000	ENSMUSG00000022307	-0.00	-0.00	0.00	0.00
chr15	47560000	48800000	ENSMUSG00000022311	129.30	-0.00	0.00	0.00
chr15	53440000	53920000	ENSMUSG00000058656	-0.00	1.75	0.00	0.00
chr15	65960000	66320000	ENSMUSG00000056258	-0.00	16.35	0.00	0.00
chr15	71400000	71760000	ENSMUSG00000036800	21.92	-0.00	0.00	0.00
chr15	72560000	73080000	ENSMUSG00000047921	-0.00	3.67	0.00	0.00
chr15	91240000	91600000	ENSMUSG00000036298	-0.00	31.99	0.00	0.00
chr15	92360000	92800000	ENSMUSG00000036218	-0.00	-0.00	0.00	0.00
chr15	94600000	95120000	ENSMUSG00000063296	6.77	-0.00	0.00	0.00
chr15	95040000	95560000	ENSMUSG00000022454	-0.00	-0.00	0.00	0.00
chr16	5880000	7440000	ENSMUSG00000008658	97.69	-0.00	0.00	0.00
chr16	9560000	10000000	ENSMUSG00000059003	-0.00	33.86	0.00	0.00
chr16	11320000	11760000	ENSMUSG00000071669	-0.00	9.74	0.00	0.00
chr16	24360000	25000000	ENSMUSG00000033306	2.47	-0.00	0.00	0.00
chr16	28160000	28760000	ENSMUSG00000022523	-0.00	26.82	0.00	0.00
chr16	33960000	34600000	ENSMUSG00000061751	-0.00	-0.00	0.00	0.00
chr16	39960000	42200000	ENSMUSG00000061080	29.53	2.58	0.00	0.00
chr16	42840000	43680000	ENSMUSG00000022708	-0.00	-0.00	0.00	0.00
chr16	57280000	57640000	ENSMUSG00000022748	-0.00	9.11	0.00	0.00
chr16	59640000	60640000	ENSMUSG00000055540	-0.00	-0.00	0.00	0.00
chr16	63520000	63880000	ENSMUSG00000052504	5.36	-0.00	0.00	0.00
chr16	66640000	67640000	ENSMUSG00000064115	22.72	-0.00	0.00	0.00
chr16	72280000	73080000	ENSMUSG00000022883	-0.00	1.79	0.00	0.00
chr16	73880000	74440000	ENSMUSG00000052516	33.89	-0.00	0.00	0.00
chr16	81200000	81640000	ENSMUSG00000022762	-0.00	31.02	0.00	0.00
chr16	87880000	88320000	ENSMUSG00000022935	-0.00	6.58	0.00	0.00
chr16	89760000	90160000	ENSMUSG00000002489	-0.00	18.28	0.00	0.00
chr16	96560000	97200000	ENSMUSG00000050272	21.78	-0.00	0.03	0.03
chr17	4960000	5360000	ENSMUSG00000069729	10.07	-0.00	0.00	0.00
chr17	8520000	9000000	ENSMUSG00000023868	-0.00	-0.00	0.00	0.00
chr17	10400000	10880000	ENSMUSG00000037196	5.80	-0.00	0.00	0.00
chr17	10840000	12080000	ENSMUSG00000023826	-0.00	17.79	0.00	0.00
chr17	30200000	30600000	ENSMUSG00000062202	1.29	-0.00	0.00	0.00
chr17	44480000	44840000	ENSMUSG00000039153	6.94	-0.00	0.00	0.00
chr17	44760000	45120000	ENSMUSG00000038954	-0.00	-0.00	0.00	0.00
chr17	50720000	51200000	ENSMUSG00000023923	-0.00	-0.00	0.00	0.00
chr17	52600000	53000000	ENSMUSG00000035580	-0.00	22.51	0.00	0.00
chr17	57760000	58440000	ENSMUSG00000038048	-0.00	7.06	0.00	0.00
chr17	63040000	63520000	ENSMUSG00000023965	-0.00	-0.00	0.00	0.00
chr17	66640000	67360000	ENSMUSG00000033278	14.62	-0.00	0.00	0.00
chr17	68240000	68800000	ENSMUSG00000041565	45.64	-0.00	0.00	0.00
chr17	69960000	70840000	ENSMUSG00000003279	46.70	-0.00	0.00	0.00
chr17	71840000	72640000	ENSMUSG00000055471	-0.00	11.17	0.00	0.00
chr17	75000000	75400000	ENSMUSG00000001870	-0.00	39.95	0.00	0.00
chr17	81360000	81760000	ENSMUSG00000054640	23.15	-0.00	0.00	0.00
chr17	85080000	85480000	ENSMUSG00000071037	-0.00	14.97	0.00	0.00
chr17	86160000	86680000	ENSMUSG00000045038	38.82	-0.00	0.00	0.00
chr17	90000000	91120000	ENSMUSG00000024109	-0.00	5.39	0.00	0.00
chr18	15440000	15800000	ENSMUSG00000047161	-0.00	38.52	0.00	0.00
chr18	21800000	22200000	ENSMUSG00000024306	-0.00	44.15	0.00	0.00
chr18	22680000	23080000	ENSMUSG00000041923	-0.00	34.39	0.00	0.00
chr18	24680000	25160000	ENSMUSG00000034295	-0.00	-0.00	0.00	0.00
chr18	30960000	31320000	ENSMUSG00000057455	1.19	-0.00	0.00	0.00
chr18	36920000	37880000	ENSMUSG00000103458	-0.00	1.04	0.00	0.00
chr18	36960000	37840000	ENSMUSG00000102836	-0.00	1.21	0.00	0.00
chr18	36960000	37840000	ENSMUSG00000103125	-0.00	1.21	0.00	0.00
chr18	38640000	39120000	ENSMUSG00000118193	8.70	-0.00	0.00	0.00
chr18	38960000	39400000	ENSMUSG00000036452	5.51	-0.00	0.00	0.00
chr18	42600000	43120000	ENSMUSG00000024500	1.63	-0.00	0.00	0.00
chr18	44400000	44840000	ENSMUSG00000071856	-0.00	27.62	0.00	0.00
chr18	45240000	45720000	ENSMUSG00000054477	4.51	-0.00	0.00	0.00
chr18	51080000	51440000	ENSMUSG00000073565	6.53	-0.00	0.00	0.00
chr18	59160000	59560000	ENSMUSG00000058152	1.29	-0.00	0.00	0.00
chr18	63000000	63400000	ENSMUSG00000041482	4.54	-0.00	0.00	0.00
chr18	64880000	65240000	ENSMUSG00000024589	-0.00	11.00	0.00	0.00
chr18	67920000	68280000	ENSMUSG00000024544	8.21	-0.00	0.00	0.00
chr18	69320000	69720000	ENSMUSG00000053477	0.12	-0.00	0.00	0.00
chr18	71240000	72360000	ENSMUSG00000060534	1.06	-0.00	0.00	0.00
chr18	74440000	74800000	ENSMUSG00000025885	-0.00	8.65	0.00	0.00
chr18	75800000	76160000	ENSMUSG00000044646	-0.00	-0.00	0.00	0.00
chr18	78120000	78600000	ENSMUSG00000024552	-0.00	-0.00	0.00	0.00
chr18	78720000	79120000	ENSMUSG00000024548	-0.00	14.97	0.00	0.00
chr18	84120000	84600000	ENSMUSG00000048410	5.14	-0.00	0.00	0.00
chr18	89280000	89800000	ENSMUSG00000073514	-0.00	4.26	0.08	0.08
chr19	17400000	17840000	ENSMUSG00000024713	40.67	-0.00	0.00	0.00
chr19	22120000	23000000	ENSMUSG00000052387	5.79	-0.00	0.00	0.00
chr19	28240000	28720000	ENSMUSG00000052942	2.51	-0.00	0.00	0.00
chr19	30560000	31800000	ENSMUSG00000052920	5.60	-0.00	0.00	0.00
chr19	42760000	43400000	ENSMUSG00000074852	-0.00	8.99	0.00	0.00
chr19	48200000	48840000	ENSMUSG00000063434	-0.00	2.47	0.00	0.00
chr19	50120000	50680000	ENSMUSG00000043531	-0.00	1.53	0.00	0.00
chr19	55280000	55640000	ENSMUSG00000024983	-0.00	-0.00	0.00	0.00
chr19	57600000	58160000	ENSMUSG00000054843	-0.00	0.70	0.00	0.00
